-- phpMyAdmin SQL Dump
-- version 4.9.5deb2
-- https://www.phpmyadmin.net/
--
-- Host: localhost:3306
-- Generation Time: May 26, 2021 at 12:45 AM
-- Server version: 8.0.25-0ubuntu0.20.04.1
-- PHP Version: 7.4.3

SET SQL_MODE = "NO_AUTO_VALUE_ON_ZERO";
SET AUTOCOMMIT = 0;
START TRANSACTION;
SET time_zone = "+00:00";


/*!40101 SET @OLD_CHARACTER_SET_CLIENT=@@CHARACTER_SET_CLIENT */;
/*!40101 SET @OLD_CHARACTER_SET_RESULTS=@@CHARACTER_SET_RESULTS */;
/*!40101 SET @OLD_COLLATION_CONNECTION=@@COLLATION_CONNECTION */;
/*!40101 SET NAMES utf8mb4 */;

--
-- Database: `library`
--

-- --------------------------------------------------------

--
-- Table structure for table `admin`
--

CREATE TABLE `admin` (
  `id` int NOT NULL,
  `FullName` varchar(100) DEFAULT NULL,
  `AdminEmail` varchar(120) DEFAULT NULL,
  `UserName` varchar(100) NOT NULL,
  `Password` varchar(100) NOT NULL,
  `updationDate` timestamp NOT NULL DEFAULT '0000-00-00 00:00:00' ON UPDATE CURRENT_TIMESTAMP
) ENGINE=InnoDB DEFAULT CHARSET=latin1;

--
-- Dumping data for table `admin`
--

INSERT INTO `admin` (`id`, `FullName`, `AdminEmail`, `UserName`, `Password`, `updationDate`) VALUES
(1, 'AdminName', 'rajp7jowa@yopmail.com', 'admin', '202cb962ac59075b964b07152d234b70', '2021-05-25 22:44:01');

-- --------------------------------------------------------

--
-- Table structure for table `tblauthors`
--

CREATE TABLE `tblauthors` (
  `id` int NOT NULL,
  `AuthorName` varchar(159) DEFAULT NULL,
  `creationDate` timestamp NULL DEFAULT CURRENT_TIMESTAMP,
  `UpdationDate` timestamp NULL DEFAULT NULL ON UPDATE CURRENT_TIMESTAMP
) ENGINE=InnoDB DEFAULT CHARSET=latin1;

--
-- Dumping data for table `tblauthors`
--

INSERT INTO `tblauthors` (`id`, `AuthorName`, `creationDate`, `UpdationDate`) VALUES
(1, 'Anuj kumar', '2017-07-08 12:49:09', '2017-07-08 15:16:59'),
(2, 'Chetan Bhagatt', '2017-07-08 14:30:23', '2017-07-08 15:15:09'),
(3, 'Anita Desai', '2017-07-08 14:35:08', NULL),
(4, 'HC Verma', '2017-07-08 14:35:21', NULL),
(5, 'R.D. Sharma ', '2017-07-08 14:35:36', NULL),
(9, 'fwdfrwer', '2017-07-08 15:22:03', NULL),
(12, 'Nicholas Gregory Mankiw 2007', '2021-05-25 17:32:38', '2021-05-25 17:33:21');

-- --------------------------------------------------------

--
-- Table structure for table `tblbooks`
--

CREATE TABLE `tblbooks` (
  `id` int NOT NULL,
  `BookName` varchar(255) DEFAULT NULL,
  `CatId` int DEFAULT NULL,
  `AuthorId` int DEFAULT NULL,
  `ISBNNumber` int DEFAULT NULL,
  `BookPrice` int DEFAULT NULL,
  `RegDate` timestamp NULL DEFAULT CURRENT_TIMESTAMP,
  `UpdationDate` timestamp NULL DEFAULT NULL ON UPDATE CURRENT_TIMESTAMP
) ENGINE=InnoDB DEFAULT CHARSET=latin1;

--
-- Dumping data for table `tblbooks`
--

INSERT INTO `tblbooks` (`id`, `BookName`, `CatId`, `AuthorId`, `ISBNNumber`, `BookPrice`, `RegDate`, `UpdationDate`) VALUES
(1, 'PHP And MySql programming', 5, 1, 222333, 20, '2017-07-08 20:04:55', '2017-07-15 05:54:41'),
(3, 'physics', 6, 4, 1111, 15, '2017-07-08 20:17:31', '2017-07-15 06:13:17'),
(4, 'Macroeconomics', 8, 12, 716762137, 14, '2021-05-25 17:40:30', NULL);

-- --------------------------------------------------------

--
-- Table structure for table `tblcategory`
--

CREATE TABLE `tblcategory` (
  `id` int NOT NULL,
  `CategoryName` varchar(150) DEFAULT NULL,
  `Status` int DEFAULT NULL,
  `CreationDate` timestamp NULL DEFAULT CURRENT_TIMESTAMP,
  `UpdationDate` timestamp NULL DEFAULT '0000-00-00 00:00:00' ON UPDATE CURRENT_TIMESTAMP
) ENGINE=InnoDB DEFAULT CHARSET=latin1;

--
-- Dumping data for table `tblcategory`
--

INSERT INTO `tblcategory` (`id`, `CategoryName`, `Status`, `CreationDate`, `UpdationDate`) VALUES
(4, 'Romantic', 1, '2017-07-04 18:35:25', '2017-07-06 16:00:42'),
(5, 'Technology', 1, '2017-07-04 18:35:39', '2017-07-08 17:13:03'),
(6, 'Science', 1, '2017-07-04 18:35:55', '0000-00-00 00:00:00'),
(7, 'Management', 0, '2017-07-04 18:36:16', '0000-00-00 00:00:00'),
(8, 'History of money', 1, '2021-05-25 17:28:27', '0000-00-00 00:00:00');

-- --------------------------------------------------------

--
-- Table structure for table `tblissuedbookdetails`
--

CREATE TABLE `tblissuedbookdetails` (
  `id` int NOT NULL,
  `BookId` int DEFAULT NULL,
  `StudentID` varchar(150) DEFAULT NULL,
  `IssuesDate` timestamp NULL DEFAULT CURRENT_TIMESTAMP,
  `ReturnDate` timestamp NULL DEFAULT NULL ON UPDATE CURRENT_TIMESTAMP,
  `RetrunStatus` int DEFAULT NULL,
  `fine` int DEFAULT NULL
) ENGINE=InnoDB DEFAULT CHARSET=latin1;

--
-- Dumping data for table `tblissuedbookdetails`
--

INSERT INTO `tblissuedbookdetails` (`id`, `BookId`, `StudentID`, `IssuesDate`, `ReturnDate`, `RetrunStatus`, `fine`) VALUES
(1, 1, 'SID002', '2017-07-15 06:09:47', '2017-07-15 11:15:20', 1, 0),
(2, 1, 'SID002', '2017-07-15 06:12:27', '2017-07-15 11:15:23', 1, 5),
(3, 3, 'SID002', '2017-07-15 06:13:40', NULL, 0, NULL),
(4, 3, 'SID002', '2017-07-15 06:23:23', '2017-07-15 11:22:29', 1, 2),
(5, 1, 'SID009', '2017-07-15 10:59:26', NULL, 0, NULL),
(6, 3, 'SID011', '2017-07-15 18:02:55', NULL, 0, NULL),
(7, 3, '1', '2021-05-18 16:36:19', NULL, NULL, NULL),
(8, 3, '2', '2021-05-18 16:38:32', NULL, NULL, NULL),
(9, 4, '2', '2021-05-25 18:11:53', '2021-05-25 18:12:30', 1, 1);

-- --------------------------------------------------------

--
-- Table structure for table `tblstudents`
--

CREATE TABLE `tblstudents` (
  `id` int NOT NULL,
  `StudentId` varchar(100) DEFAULT NULL,
  `FullName` varchar(120) DEFAULT NULL,
  `EmailId` varchar(120) DEFAULT NULL,
  `MobileNumber` char(11) DEFAULT NULL,
  `Password` varchar(120) DEFAULT NULL,
  `Status` int DEFAULT NULL,
  `RegDate` timestamp NULL DEFAULT CURRENT_TIMESTAMP,
  `UpdationDate` timestamp NULL DEFAULT NULL ON UPDATE CURRENT_TIMESTAMP
) ENGINE=InnoDB DEFAULT CHARSET=latin1;

--
-- Dumping data for table `tblstudents`
--

INSERT INTO `tblstudents` (`id`, `StudentId`, `FullName`, `EmailId`, `MobileNumber`, `Password`, `Status`, `RegDate`, `UpdationDate`) VALUES
(11, '1', 'Prem Kumar', 'prem@gmail.com', '9370597451', '202cb962ac59075b964b07152d234b70', 1, '2020-01-07 18:07:29', '2021-05-25 18:16:42'),
(12, '2', 'Rajkumar', 'user@gmail.com', '9876543210', '202cb962ac59075b964b07152d234b70', 1, '2020-01-07 18:08:45', '2021-05-25 22:42:59'),
(13, '3', 'Prem Kumar', 'premkumar@gmail.com', '9370597451', '202cb962ac59075b964b07152d234b70', 1, '2021-05-25 18:15:17', NULL);

--
-- Indexes for dumped tables
--

--
-- Indexes for table `admin`
--
ALTER TABLE `admin`
  ADD PRIMARY KEY (`id`);

--
-- Indexes for table `tblauthors`
--
ALTER TABLE `tblauthors`
  ADD PRIMARY KEY (`id`);

--
-- Indexes for table `tblbooks`
--
ALTER TABLE `tblbooks`
  ADD PRIMARY KEY (`id`);

--
-- Indexes for table `tblcategory`
--
ALTER TABLE `tblcategory`
  ADD PRIMARY KEY (`id`);

--
-- Indexes for table `tblissuedbookdetails`
--
ALTER TABLE `tblissuedbookdetails`
  ADD PRIMARY KEY (`id`);

--
-- Indexes for table `tblstudents`
--
ALTER TABLE `tblstudents`
  ADD PRIMARY KEY (`id`),
  ADD UNIQUE KEY `StudentId` (`StudentId`);

--
-- AUTO_INCREMENT for dumped tables
--

--
-- AUTO_INCREMENT for table `admin`
--
ALTER TABLE `admin`
  MODIFY `id` int NOT NULL AUTO_INCREMENT, AUTO_INCREMENT=2;

--
-- AUTO_INCREMENT for table `tblauthors`
--
ALTER TABLE `tblauthors`
  MODIFY `id` int NOT NULL AUTO_INCREMENT, AUTO_INCREMENT=13;

--
-- AUTO_INCREMENT for table `tblbooks`
--
ALTER TABLE `tblbooks`
  MODIFY `id` int NOT NULL AUTO_INCREMENT, AUTO_INCREMENT=5;

--
-- AUTO_INCREMENT for table `tblcategory`
--
ALTER TABLE `tblcategory`
  MODIFY `id` int NOT NULL AUTO_INCREMENT, AUTO_INCREMENT=9;

--
-- AUTO_INCREMENT for table `tblissuedbookdetails`
--
ALTER TABLE `tblissuedbookdetails`
  MODIFY `id` int NOT NULL AUTO_INCREMENT, AUTO_INCREMENT=10;

--
-- AUTO_INCREMENT for table `tblstudents`
--
ALTER TABLE `tblstudents`
  MODIFY `id` int NOT NULL AUTO_INCREMENT, AUTO_INCREMENT=14;
COMMIT;

/*!40101 SET CHARACTER_SET_CLIENT=@OLD_CHARACTER_SET_CLIENT */;
/*!40101 SET CHARACTER_SET_RESULTS=@OLD_CHARACTER_SET_RESULTS */;
/*!40101 SET COLLATION_CONNECTION=@OLD_COLLATION_CONNECTION */;
